股票代號,股票名稱,日期,檔案路徑,輸入時間,Username
9911.0,櫻花,2018_05_30,/home/cosbi/桌面/financialData/lineMemo_data/9911_櫻花_2018-05-30_2:22:45 PM.txt,2:22:45 PM,popowing
9914.0,美利達,2018_05_30,/home/cosbi/桌面/financialData/lineMemo_data/9914_美利達_2018-05-30_2:23:12 PM.txt,2:23:12 PM,popowing
3346.0,麗清,2018_05_30,/home/cosbi/桌面/financialData/lineMemo_data/3346_麗清_2018-05-30_2:23:26 PM.txt,2:23:26 PM,popowing
2603.0,長榮,2018_05_30,/home/cosbi/桌面/financialData/lineMemo_data/2603_長榮_2018-05-30_2:24:05 PM.txt,2:24:05 PM,popowing
8462.0,柏文,2018_05_30,/home/cosbi/桌面/financialData/lineMemo_data/8462_柏文_2018-05-30_2:24:14 PM.txt,2:24:14 PM,popowing
2472.0,立隆電,2018_06_01,/home/cosbi/桌面/financialData/lineMemo_data/2472_立隆電_2018-06-01_10:02:28 AM.txt,10:02:28 AM,popowing
1256.0,鮮活果汁-KY,2018_06_01,/home/cosbi/桌面/financialData/lineMemo_data/1256_鮮活果汁-KY_2018-06-01_10:02:48 AM.txt,10:02:48 AM,popowing
2349.0,錸德,2018_06_02,/home/cosbi/桌面/financialData/lineMemo_data/2349_錸德_2018-06-02_下午5:22:40.txt,下午5:22:40,c21221203
1256.0,鮮活果汁-KY,2018_06_02,/home/cosbi/桌面/financialData/lineMemo_data/1256_鮮活果汁-KY_2018-06-02_下午6:51:43.txt,下午6:51:43,c21221203
2472.0,立隆電,2018_06_02,/home/cosbi/桌面/financialData/lineMemo_data/2472_立隆電_2018-06-02_下午6:52:10.txt,下午6:52:10,c21221203
2015.0,豐興,2018_06_02,/home/cosbi/桌面/financialData/lineMemo_data/2015_豐興_2018-06-02_下午6:52:37.txt,下午6:52:37,c21221203
1314.0,中石化,2018_06_02,/home/cosbi/桌面/financialData/lineMemo_data/1314_中石化_2018-06-02_下午6:52:58.txt,下午6:52:58,c21221203
8926.0,台汽電,2018_06_02,/home/cosbi/桌面/financialData/lineMemo_data/8926_台汽電_2018-06-02_下午6:54:27.txt,下午6:54:27,c21221203
2204.0,中華,2018_06_02,/home/cosbi/桌面/financialData/lineMemo_data/2204_中華_2018-06-02_下午6:54:45.txt,下午6:54:45,c21221203
1525.0,江申,2018_06_02,/home/cosbi/桌面/financialData/lineMemo_data/1525_江申_2018-06-02_下午6:55:02.txt,下午6:55:02,c21221203
2227.0,裕日車,2018_06_02,/home/cosbi/桌面/financialData/lineMemo_data/2227_裕日車_2018-06-02_下午6:55:16.txt,下午6:55:16,c21221203
2201.0,裕隆,2018_06_02,/home/cosbi/桌面/financialData/lineMemo_data/2201_裕隆_2018-06-02_下午6:55:31.txt,下午6:55:31,c21221203
3221.0,台嘉碩,2018_06_02,/home/cosbi/桌面/financialData/lineMemo_data/3221_台嘉碩_2018-06-02_下午6:55:44.txt,下午6:55:44,c21221203
3221.0,台嘉碩,2018_06_02,/home/cosbi/桌面/financialData/lineMemo_data/3221_台嘉碩_2018-06-02_下午6:55:59.txt,下午6:55:59,c21221203
5299.0,杰力,2018_06_02,/home/cosbi/桌面/financialData/lineMemo_data/5299_杰力_2018-06-02_下午6:56:19.txt,下午6:56:19,c21221203
1455.0,集盛,2018_06_02,/home/cosbi/桌面/financialData/lineMemo_data/1455_集盛_2018-06-02_下午6:56:37.txt,下午6:56:37,c21221203
4966.0,譜瑞-KY,2018_06_02,/home/cosbi/桌面/financialData/lineMemo_data/4966_譜瑞-KY_2018-06-02_下午6:56:53.txt,下午6:56:53,c21221203
8222.0,寶一,2018_06_02,/home/cosbi/桌面/financialData/lineMemo_data/8222_寶一_2018-06-02_下午6:57:07.txt,下午6:57:07,c21221203
6206.0,飛捷,2018_06_02,/home/cosbi/桌面/financialData/lineMemo_data/6206_飛捷_2018-06-02_下午6:57:20.txt,下午6:57:20,c21221203
2456.0,奇力新,2018_06_02,/home/cosbi/桌面/financialData/lineMemo_data/2456_奇力新_2018-06-02_下午6:57:34.txt,下午6:57:34,c21221203
2492.0,華新科,2018_06_02,/home/cosbi/桌面/financialData/lineMemo_data/2492_華新科_2018-06-02_下午6:57:47.txt,下午6:57:47,c21221203
9911.0,櫻花,2018_06_02,/home/cosbi/桌面/financialData/lineMemo_data/9911_櫻花_2018-06-02_下午6:58:00.txt,下午6:58:00,c21221203
9914.0,美利達,2018_06_02,/home/cosbi/桌面/financialData/lineMemo_data/9914_美利達_2018-06-02_下午6:58:10.txt,下午6:58:10,c21221203
3346.0,麗清,2018_06_02,/home/cosbi/桌面/financialData/lineMemo_data/3346_麗清_2018-06-02_下午6:58:20.txt,下午6:58:20,c21221203
2456.0,奇力新,2018_06_02,/home/cosbi/桌面/financialData/lineMemo_data/2456_奇力新_2018-06-02_下午6:58:59.txt,下午6:58:59,c21221203
2492.0,華新科,2018_06_02,/home/cosbi/桌面/financialData/lineMemo_data/2492_華新科_2018-06-02_下午6:59:15.txt,下午6:59:15,c21221203
1440.0,南紡,2018_06_02,/home/cosbi/桌面/financialData/lineMemo_data/1440_南紡_2018-06-02_下午6:59:28.txt,下午6:59:28,c21221203
4739.0,康普,2018_06_02,/home/cosbi/桌面/financialData/lineMemo_data/4739_康普_2018-06-02_下午6:59:37.txt,下午6:59:37,c21221203
2448.0,晶電,2018_06_02,/home/cosbi/桌面/financialData/lineMemo_data/2448_晶電_2018-06-02_下午6:59:48.txt,下午6:59:48,c21221203
8349.0,恒耀,2018_06_02,/home/cosbi/桌面/financialData/lineMemo_data/8349_恒耀_2018-06-02_下午7:00:13.txt,下午7:00:13,c21221203
4739.0,康普,2018_06_02,/home/cosbi/桌面/financialData/lineMemo_data/4739_康普_2018-06-02_下午7:00:35.txt,下午7:00:35,c21221203
2539.0,櫻花建,2018_06_02,/home/cosbi/桌面/financialData/lineMemo_data/2539_櫻花建_2018-06-02_下午7:00:48.txt,下午7:00:48,c21221203
2062.0,橋椿,2018_06_02,/home/cosbi/桌面/financialData/lineMemo_data/2062_橋椿_2018-06-02_下午7:00:58.txt,下午7:00:58,c21221203
3708.0,上緯,2018_06_02,/home/cosbi/桌面/financialData/lineMemo_data/3708_上緯_2018-06-02_下午7:01:08.txt,下午7:01:08,c21221203
3310.0,佳穎,2018_06_02,/home/cosbi/桌面/financialData/lineMemo_data/3310_佳穎_2018-06-02_下午7:01:18.txt,下午7:01:18,c21221203
3026.0,禾伸堂,2018_06_02,/home/cosbi/桌面/financialData/lineMemo_data/3026_禾伸堂_2018-06-02_下午7:01:29.txt,下午7:01:29,c21221203
2327.0,國巨,2018_06_02,/home/cosbi/桌面/financialData/lineMemo_data/2327_國巨_2018-06-02_下午7:02:05.txt,下午7:02:05,c21221203
1305.0,華夏,2018_06_02,/home/cosbi/桌面/financialData/lineMemo_data/1305_華夏_2018-06-02_下午7:02:20.txt,下午7:02:20,c21221203
6213.0,聯茂,2018_06_02,/home/cosbi/桌面/financialData/lineMemo_data/6213_聯茂_2018-06-02_下午7:02:45.txt,下午7:02:45,c21221203
6153.0,嘉聯益,2018_06_02,/home/cosbi/桌面/financialData/lineMemo_data/6153_嘉聯益_2018-06-02_下午7:03:00.txt,下午7:03:00,c21221203
1309.0,台達化,2018_06_02,/home/cosbi/桌面/financialData/lineMemo_data/1309_台達化_2018-06-02_下午7:03:17.txt,下午7:03:17,c21221203
6238.0,勝麗,2018_06_02,/home/cosbi/桌面/financialData/lineMemo_data/6238_勝麗_2018-06-02_下午7:04:03.txt,下午7:04:03,c21221203
3413.0,京鼎,2018_06_02,/home/cosbi/桌面/financialData/lineMemo_data/3413_京鼎_2018-06-02_下午7:04:13.txt,下午7:04:13,c21221203
4142.0,國光生,2018_06_02,/home/cosbi/桌面/financialData/lineMemo_data/4142_國光生_2018-06-02_下午7:04:24.txt,下午7:04:24,c21221203
4107.0,邦特,2018_06_02,/home/cosbi/桌面/financialData/lineMemo_data/4107_邦特_2018-06-02_下午7:04:34.txt,下午7:04:34,c21221203
6591.0,動力-KY,2018_06_02,/home/cosbi/桌面/financialData/lineMemo_data/6591_動力-KY_2018-06-02_下午7:04:49.txt,下午7:04:49,c21221203
2377.0,微星,2018_06_02,/home/cosbi/桌面/financialData/lineMemo_data/2377_微星_2018-06-02_下午7:04:58.txt,下午7:04:58,c21221203
6576.0,逸達,2018_06_02,/home/cosbi/桌面/financialData/lineMemo_data/6576_逸達_2018-06-02_下午7:05:10.txt,下午7:05:10,c21221203
1904.0,正隆,2018_06_02,/home/cosbi/桌面/financialData/lineMemo_data/1904_正隆_2018-06-02_下午7:05:23.txt,下午7:05:23,c21221203
2377.0,微星,2018_06_02,/home/cosbi/桌面/financialData/lineMemo_data/2377_微星_2018-06-02_下午7:05:34.txt,下午7:05:34,c21221203
4163.0,鐿鈦,2018_06_02,/home/cosbi/桌面/financialData/lineMemo_data/4163_鐿鈦_2018-06-02_下午7:05:47.txt,下午7:05:47,c21221203
3026.0,禾伸堂,2018_06_02,/home/cosbi/桌面/financialData/lineMemo_data/3026_禾伸堂_2018-06-02_下午7:05:57.txt,下午7:05:57,c21221203
2324.0,仁寶,2018_06_02,/home/cosbi/桌面/financialData/lineMemo_data/2324_仁寶_2018-06-02_下午7:06:07.txt,下午7:06:07,c21221203
1215.0,卜蜂,2018_06_02,/home/cosbi/桌面/financialData/lineMemo_data/1215_卜蜂_2018-06-02_下午7:06:15.txt,下午7:06:15,c21221203
1905.0,華紙,2018_06_02,/home/cosbi/桌面/financialData/lineMemo_data/1905_華紙_2018-06-02_下午7:06:27.txt,下午7:06:27,c21221203
2615.0,萬海,2018_06_02,/home/cosbi/桌面/financialData/lineMemo_data/2615_萬海_2018-06-02_下午7:06:54.txt,下午7:06:54,c21221203
2615.0,萬海,2018_06_02,/home/cosbi/桌面/financialData/lineMemo_data/2615_萬海_2018-06-02_下午7:07:14.txt,下午7:07:14,c21221203
3646.0,艾恩特,2018_06_02,/home/cosbi/桌面/financialData/lineMemo_data/3646_艾恩特_2018-06-02_下午7:07:23.txt,下午7:07:23,c21221203
1905.0,華紙,2018_06_02,/home/cosbi/桌面/financialData/lineMemo_data/1905_華紙_2018-06-02_下午7:07:31.txt,下午7:07:31,c21221203
1101.0,台泥,2018_06_02,/home/cosbi/桌面/financialData/lineMemo_data/1101_台泥_2018-06-02_下午7:07:41.txt,下午7:07:41,c21221203
2882.0,國泰金,2018_06_02,/home/cosbi/桌面/financialData/lineMemo_data/2882_國泰金_2018-06-02_下午7:07:49.txt,下午7:07:49,c21221203
8499.0,鼎炫-KY,2018_06_02,/home/cosbi/桌面/financialData/lineMemo_data/8499_鼎炫-KY_2018-06-02_下午7:07:59.txt,下午7:07:59,c21221203
8489.0,三貝德,2018_06_02,/home/cosbi/桌面/financialData/lineMemo_data/8489_三貝德_2018-06-02_下午7:08:09.txt,下午7:08:09,c21221203
2636.0,台驊投控,2018_06_02,/home/cosbi/桌面/financialData/lineMemo_data/2636_台驊投控_2018-06-02_下午7:08:20.txt,下午7:08:20,c21221203
2464.0,盟立,2018_06_02,/home/cosbi/桌面/financialData/lineMemo_data/2464_盟立_2018-06-02_下午7:08:42.txt,下午7:08:42,c21221203
2356.0,英業達,2018_06_02,/home/cosbi/桌面/financialData/lineMemo_data/2356_英業達_2018-06-02_下午7:08:51.txt,下午7:08:51,c21221203
3189.0,景碩,2018_06_02,/home/cosbi/桌面/financialData/lineMemo_data/3189_景碩_2018-06-02_下午7:08:59.txt,下午7:08:59,c21221203
2881.0,富邦金,2018_06_02,/home/cosbi/桌面/financialData/lineMemo_data/2881_富邦金_2018-06-02_下午7:09:10.txt,下午7:09:10,c21221203
6560.0,欣普羅,2018_06_02,/home/cosbi/桌面/financialData/lineMemo_data/6560_欣普羅_2018-06-02_下午7:12:52.txt,下午7:12:52,c21221203
2347.0,聯強,2018_06_02,/home/cosbi/桌面/financialData/lineMemo_data/2347_聯強_2018-06-02_下午7:13:00.txt,下午7:13:00,c21221203
5469.0,瀚宇博,2018_06_02,/home/cosbi/桌面/financialData/lineMemo_data/5469_瀚宇博_2018-06-02_下午7:13:17.txt,下午7:13:17,c21221203
3090.0,日電貿,2018_06_02,/home/cosbi/桌面/financialData/lineMemo_data/3090_日電貿_2018-06-02_下午7:13:23.txt,下午7:13:23,c21221203
2382.0,廣達,2018_06_02,/home/cosbi/桌面/financialData/lineMemo_data/2382_廣達_2018-06-02_下午7:13:31.txt,下午7:13:31,c21221203
1303.0,南亞,2018_06_02,/home/cosbi/桌面/financialData/lineMemo_data/1303_南亞_2018-06-02_下午7:13:39.txt,下午7:13:39,c21221203
1319.0,東陽,2018_06_02,/home/cosbi/桌面/financialData/lineMemo_data/1319_東陽_2018-06-02_下午7:13:45.txt,下午7:13:45,c21221203
4938.0,和碩,2018_06_02,/home/cosbi/桌面/financialData/lineMemo_data/4938_和碩_2018-06-02_下午7:13:54.txt,下午7:13:54,c21221203
6648.0,斯其大,2018_06_02,/home/cosbi/桌面/financialData/lineMemo_data/6648_斯其大_2018-06-02_下午7:14:01.txt,下午7:14:01,c21221203
2049.0,上銀,2018_06_02,/home/cosbi/桌面/financialData/lineMemo_data/2049_上銀_2018-06-02_下午7:14:09.txt,下午7:14:09,c21221203
6277.0,宏正,2018_06_02,/home/cosbi/桌面/financialData/lineMemo_data/6277_宏正_2018-06-02_下午7:14:19.txt,下午7:14:19,c21221203
4152.0,台微體,2018_06_02,/home/cosbi/桌面/financialData/lineMemo_data/4152_台微體_2018-06-02_下午7:14:25.txt,下午7:14:25,c21221203
2929.0,淘帝-KY,2018_06_02,/home/cosbi/桌面/financialData/lineMemo_data/2929_淘帝-KY_2018-06-02_下午7:14:31.txt,下午7:14:31,c21221203
1319.0,東陽,2018_06_02,/home/cosbi/桌面/financialData/lineMemo_data/1319_東陽_2018-06-02_下午7:14:39.txt,下午7:14:39,c21221203
3529.0,力旺,2018_06_02,/home/cosbi/桌面/financialData/lineMemo_data/3529_力旺_2018-06-02_下午7:14:45.txt,下午7:14:45,c21221203
2891.0,中信金,2018_06_02,/home/cosbi/桌面/financialData/lineMemo_data/2891_中信金_2018-06-02_下午7:14:52.txt,下午7:14:52,c21221203
4938.0,和碩,2018_06_02,/home/cosbi/桌面/financialData/lineMemo_data/4938_和碩_2018-06-02_下午7:14:59.txt,下午7:14:59,c21221203
2049.0,上銀,2018_06_02,/home/cosbi/桌面/financialData/lineMemo_data/2049_上銀_2018-06-02_下午7:15:07.txt,下午7:15:07,c21221203
6560.0,欣普羅,2018_06_02,/home/cosbi/桌面/financialData/lineMemo_data/6560_欣普羅_2018-06-02_下午7:15:27.txt,下午7:15:27,c21221203
5871.0,中租-KY,2018_06_02,/home/cosbi/桌面/financialData/lineMemo_data/5871_中租-KY_2018-06-02_下午7:15:34.txt,下午7:15:34,c21221203
5871.0,中租-KY,2018_06_02,/home/cosbi/桌面/financialData/lineMemo_data/5871_中租-KY_2018-06-02_下午7:15:44.txt,下午7:15:44,c21221203
3698.0,隆達,2018_06_02,/home/cosbi/桌面/financialData/lineMemo_data/3698_隆達_2018-06-02_下午7:15:51.txt,下午7:15:51,c21221203
1723.0,中碳,2018_06_02,/home/cosbi/桌面/financialData/lineMemo_data/1723_中碳_2018-06-02_下午7:15:58.txt,下午7:15:58,c21221203
3035.0,智原,2018_06_02,/home/cosbi/桌面/financialData/lineMemo_data/3035_智原_2018-06-02_下午7:16:07.txt,下午7:16:07,c21221203
2481.0,強茂,2018_06_03,/home/cosbi/桌面/financialData/lineMemo_data/2481_強茂_2018-06-03_8:28:06 PM.txt,8:28:06 PM,popowing
6432.0,今展科,2018_06_05,/home/cosbi/桌面/financialData/lineMemo_data/6432_今展科_2018-06-05_下午10:33:33.txt,下午10:33:33,c21221203
6279.0,胡連,2018_06_06,/home/cosbi/桌面/financialData/lineMemo_data/6279_胡連_2018-06-06_3:44:18 PM.txt,3:44:18 PM,popowing
4736.0,泰博,2018_06_06,/home/cosbi/桌面/financialData/lineMemo_data/4736_泰博_2018-06-06_4:35:11 PM.txt,4:35:11 PM,popowing
5007.0,三星,2018_06_06,/home/cosbi/桌面/financialData/lineMemo_data/5007_三星_2018-06-06_4:40:08 PM.txt,4:40:08 PM,popowing
8942.0,森鉅,2018_06_06,/home/cosbi/桌面/financialData/lineMemo_data/8942_森鉅_2018-06-06_4:40:51 PM.txt,4:40:51 PM,popowing
4739.0,康普,2018_06_06,/home/cosbi/桌面/financialData/lineMemo_data/4739_康普_2018-06-06_4:49:53 PM.txt,4:49:53 PM,popowing
3653.0,健策,2018_06_07,/home/cosbi/桌面/financialData/lineMemo_data/3653_健策_2018-06-07_10:05:17 PM.txt,10:05:17 PM,popowing
3653.0,健策,2018_06_07,/home/cosbi/桌面/financialData/lineMemo_data/3653_健策_2018-06-07_10:06:57 PM.txt,10:06:57 PM,popowing
2327.0,國巨,2018_06_11,/home/cosbi/桌面/financialData/lineMemo_data/2327_國巨_2018-06-11_下午4:49:28.txt,下午4:49:28,popowing
2327.0,國巨,2018_06_11,/home/cosbi/桌面/financialData/lineMemo_data/2327_國巨_2018-06-11_下午8:10:53.txt,下午8:10:53,c21221203
5349.0,先豐,2018_06_11,/home/cosbi/桌面/financialData/lineMemo_data/5349_先豐_2018-06-11_下午8:11:57.txt,下午8:11:57,c21221203
1568.0,倉佑,2018_06_11,/home/cosbi/桌面/financialData/lineMemo_data/1568_倉佑_2018-06-11_下午8:12:20.txt,下午8:12:20,c21221203
3008.0,大立光,2018_06_13,/home/cosbi/桌面/financialData/lineMemo_data/3008_大立光_2018-06-13_6:54:03 AM.txt,6:54:03 AM,popowing
4566.0,時碩工業,2018_06_13,/home/cosbi/桌面/financialData/lineMemo_data/4566_時碩工業_2018-06-13_4:58:33 PM.txt,4:58:33 PM,popowing
3189.0,景碩,2018_06_13,/home/cosbi/桌面/financialData/lineMemo_data/3189_景碩_2018-06-13_7:36:30 PM.txt,7:36:30 PM,popowing
3354.0,律勝,2018_06_13,/home/cosbi/桌面/financialData/lineMemo_data/3354_律勝_2018-06-13_10:54:51 PM.txt,10:54:51 PM,popowing
9951.0,皇田,2018_06_15,/home/cosbi/桌面/financialData/lineMemo_data/9951_皇田_2018-06-15_4:08:19 PM.txt,4:08:19 PM,popowing
8942.0,森鉅,2018_06_15,/home/cosbi/桌面/financialData/lineMemo_data/8942_森鉅_2018-06-15_4:09:36 PM.txt,4:09:36 PM,popowing
2017.0,官田鋼,2018_06_16,/home/cosbi/桌面/financialData/lineMemo_data/2017_官田鋼_2018-06-16_11:09:59 AM.txt,11:09:59 AM,popowing
1229.0,聯華,2018_06_18,/home/cosbi/桌面/financialData/lineMemo_data/1229_聯華_2018-06-18_下午12:00:40.txt,下午12:00:40,c21221203
5347.0,世界,2018_06_18,/home/cosbi/桌面/financialData/lineMemo_data/5347_世界_2018-06-18_下午12:01:25.txt,下午12:01:25,c21221203
2342.0,茂矽,2018_06_18,/home/cosbi/桌面/financialData/lineMemo_data/2342_茂矽_2018-06-18_下午12:01:52.txt,下午12:01:52,c21221203
1532.0,勤美,2018_06_18,/home/cosbi/桌面/financialData/lineMemo_data/1532_勤美_2018-06-18_下午12:02:26.txt,下午12:02:26,c21221203
4991.0,環宇-KY,2018_06_18,/home/cosbi/桌面/financialData/lineMemo_data/4991_環宇-KY_2018-06-18_下午12:02:44.txt,下午12:02:44,c21221203
2017.0,官田鋼,2018_06_18,/home/cosbi/桌面/financialData/lineMemo_data/2017_官田鋼_2018-06-18_下午12:03:05.txt,下午12:03:05,c21221203
3019.0,亞光,2018_06_18,/home/cosbi/桌面/financialData/lineMemo_data/3019_亞光_2018-06-18_下午12:06:00.txt,下午12:06:00,c21221203
3189.0,景碩,2018_06_18,/home/cosbi/桌面/financialData/lineMemo_data/3189_景碩_2018-06-18_下午12:06:24.txt,下午12:06:24,c21221203
8499.0,鼎炫-KY,2018_06_18,/home/cosbi/桌面/financialData/lineMemo_data/8499_鼎炫-KY_2018-06-18_下午12:06:38.txt,下午12:06:38,c21221203
1560.0,中砂,2018_06_18,/home/cosbi/桌面/financialData/lineMemo_data/1560_中砂_2018-06-18_下午12:06:50.txt,下午12:06:50,c21221203
1560.0,中砂,2018_06_18,/home/cosbi/桌面/financialData/lineMemo_data/1560_中砂_2018-06-18_下午12:07:05.txt,下午12:07:05,c21221203
4912.0,聯德控股-KY,2018_06_18,/home/cosbi/桌面/financialData/lineMemo_data/4912_聯德控股-KY_2018-06-18_下午12:07:21.txt,下午12:07:21,c21221203
4912.0,聯德控股-KY,2018_06_18,/home/cosbi/桌面/financialData/lineMemo_data/4912_聯德控股-KY_2018-06-18_下午12:07:34.txt,下午12:07:34,c21221203
3376.0,新日興,2018_06_18,/home/cosbi/桌面/financialData/lineMemo_data/3376_新日興_2018-06-18_下午12:07:47.txt,下午12:07:47,c21221203
9934.0,成霖,2018_06_18,/home/cosbi/桌面/financialData/lineMemo_data/9934_成霖_2018-06-18_下午12:39:36.txt,下午12:39:36,c21221203
1597.0,直得,2018_06_18,/home/cosbi/桌面/financialData/lineMemo_data/1597_直得_2018-06-18_下午12:39:41.txt,下午12:39:41,c21221203
2233.0,宇隆,2018_06_18,/home/cosbi/桌面/financialData/lineMemo_data/2233_宇隆_2018-06-18_下午12:40:19.txt,下午12:40:19,c21221203
4554.0,橙的,2018_06_18,/home/cosbi/桌面/financialData/lineMemo_data/4554_橙的_2018-06-18_下午12:40:50.txt,下午12:40:50,c21221203
3042.0,晶技,2018_06_18,/home/cosbi/桌面/financialData/lineMemo_data/3042_晶技_2018-06-18_下午12:41:11.txt,下午12:41:11,c21221203
6456.0,GIS-KY,2018_06_18,/home/cosbi/桌面/financialData/lineMemo_data/6456_GIS-KY_2018-06-18_下午12:41:50.txt,下午12:41:50,c21221203
6456.0,GIS-KY,2018_06_18,/home/cosbi/桌面/financialData/lineMemo_data/6456_GIS-KY_2018-06-18_下午12:42:10.txt,下午12:42:10,c21221203
6573.0,虹揚-KY,2018_06_18,/home/cosbi/桌面/financialData/lineMemo_data/6573_虹揚-KY_2018-06-18_下午12:42:34.txt,下午12:42:34,c21221203
4566.0,時碩工業,2018_06_18,/home/cosbi/桌面/financialData/lineMemo_data/4566_時碩工業_2018-06-18_下午12:42:49.txt,下午12:42:49,c21221203
1786.0,科妍,2018_06_18,/home/cosbi/桌面/financialData/lineMemo_data/1786_科妍_2018-06-18_下午12:43:23.txt,下午12:43:23,c21221203
1507.0,永大,2018_06_18,/home/cosbi/桌面/financialData/lineMemo_data/1507_永大_2018-06-18_下午12:43:34.txt,下午12:43:34,c21221203
3189.0,景碩,2018_06_18,/home/cosbi/桌面/financialData/lineMemo_data/3189_景碩_2018-06-18_下午12:44:06.txt,下午12:44:06,c21221203
3189.0,景碩,2018_06_18,/home/cosbi/桌面/financialData/lineMemo_data/3189_景碩_2018-06-18_下午12:44:22.txt,下午12:44:22,c21221203
3008.0,大立光,2018_06_18,/home/cosbi/桌面/financialData/lineMemo_data/3008_大立光_2018-06-18_下午12:44:36.txt,下午12:44:36,c21221203
6435.0,大中,2018_06_18,/home/cosbi/桌面/financialData/lineMemo_data/6435_大中_2018-06-18_下午12:44:57.txt,下午12:44:57,c21221203
6138.0,茂達,2018_06_18,/home/cosbi/桌面/financialData/lineMemo_data/6138_茂達_2018-06-18_下午12:45:10.txt,下午12:45:10,c21221203
1718.0,中纖,2018_06_18,/home/cosbi/桌面/financialData/lineMemo_data/1718_中纖_2018-06-18_下午12:45:27.txt,下午12:45:27,c21221203
2344.0,華邦電,2018_06_18,/home/cosbi/桌面/financialData/lineMemo_data/2344_華邦電_2018-06-18_下午12:45:46.txt,下午12:45:46,c21221203
9958.0,世紀鋼,2018_06_18,/home/cosbi/桌面/financialData/lineMemo_data/9958_世紀鋼_2018-06-18_下午12:46:43.txt,下午12:46:43,c21221203
2327.0,國巨,2018_06_18,/home/cosbi/桌面/financialData/lineMemo_data/2327_國巨_2018-06-18_下午12:47:19.txt,下午12:47:19,c21221203
5349.0,先豐,2018_06_18,/home/cosbi/桌面/financialData/lineMemo_data/5349_先豐_2018-06-18_下午12:48:17.txt,下午12:48:17,c21221203
1568.0,倉佑,2018_06_18,/home/cosbi/桌面/financialData/lineMemo_data/1568_倉佑_2018-06-18_下午12:48:36.txt,下午12:48:36,c21221203
2383.0,台光電,2018_06_18,/home/cosbi/桌面/financialData/lineMemo_data/2383_台光電_2018-06-18_下午12:49:22.txt,下午12:49:22,c21221203
2637.0,慧洋-KY,2018_06_18,/home/cosbi/桌面/financialData/lineMemo_data/2637_慧洋-KY_2018-06-18_下午12:51:14.txt,下午12:51:14,c21221203
5305.0,敦南,2018_06_18,/home/cosbi/桌面/financialData/lineMemo_data/5305_敦南_2018-06-18_下午12:52:03.txt,下午12:52:03,c21221203
1476.0,儒鴻,2018_06_18,/home/cosbi/桌面/financialData/lineMemo_data/1476_儒鴻_2018-06-18_下午12:52:48.txt,下午12:52:48,c21221203
1476.0,儒鴻,2018_06_18,/home/cosbi/桌面/financialData/lineMemo_data/1476_儒鴻_2018-06-18_下午12:53:05.txt,下午12:53:05,c21221203
8255.0,朋程,2018_06_18,/home/cosbi/桌面/financialData/lineMemo_data/8255_朋程_2018-06-18_下午12:53:57.txt,下午12:53:57,c21221203
5609.0,中菲行,2018_06_20,/home/cosbi/桌面/financialData/lineMemo_data/5609_中菲行_2018-06-20_4:48:04 PM.txt,4:48:04 PM,popowing
2456.0,奇力新,2018_06_20,/home/cosbi/桌面/financialData/lineMemo_data/2456_奇力新_2018-06-20_8:27:04 PM.txt,8:27:04 PM,popowing
4563.0,百德,2018_06_20,/home/cosbi/桌面/financialData/lineMemo_data/4563_百德_2018-06-20_9:48:47 PM.txt,9:48:47 PM,popowing
6230.0,超眾,2018_06_26,/home/cosbi/桌面/financialData/lineMemo_data/6230_超眾_2018-06-26_9:42:26 PM.txt,9:42:26 PM,popowing
8074.0,鉅橡,2018_06_27,/home/cosbi/桌面/financialData/lineMemo_data/8074_鉅橡_2018-06-27_上午1:18:44.txt,上午1:18:44,c21221203
1319.0,東陽,2018_06_27,/home/cosbi/桌面/financialData/lineMemo_data/1319_東陽_2018-06-27_上午1:18:59.txt,上午1:18:59,c21221203
1582.0,信錦,2018_06_27,/home/cosbi/桌面/financialData/lineMemo_data/1582_信錦_2018-06-27_上午1:19:16.txt,上午1:19:16,c21221203
9914.0,美利達,2018_06_27,/home/cosbi/桌面/financialData/lineMemo_data/9914_美利達_2018-06-27_上午1:19:32.txt,上午1:19:32,c21221203
1312.0,國喬,2018_06_27,/home/cosbi/桌面/financialData/lineMemo_data/1312_國喬_2018-06-27_上午1:19:46.txt,上午1:19:46,c21221203
6573.0,虹揚-KY,2018_06_27,/home/cosbi/桌面/financialData/lineMemo_data/6573_虹揚-KY_2018-06-27_上午1:20:21.txt,上午1:20:21,c21221203
4563.0,百德,2018_06_27,/home/cosbi/桌面/financialData/lineMemo_data/4563_百德_2018-06-27_上午1:20:38.txt,上午1:20:38,c21221203
8415.0,大國鋼,2018_06_27,/home/cosbi/桌面/financialData/lineMemo_data/8415_大國鋼_2018-06-27_上午1:20:52.txt,上午1:20:52,c21221203
2030.0,彰源,2018_06_27,/home/cosbi/桌面/financialData/lineMemo_data/2030_彰源_2018-06-27_上午1:21:15.txt,上午1:21:15,c21221203
8105.0,凌巨,2018_06_27,/home/cosbi/桌面/financialData/lineMemo_data/8105_凌巨_2018-06-27_上午1:21:23.txt,上午1:21:23,c21221203
8105.0,凌巨,2018_06_27,/home/cosbi/桌面/financialData/lineMemo_data/8105_凌巨_2018-06-27_上午1:21:37.txt,上午1:21:37,c21221203
5434.0,崇越,2018_06_27,/home/cosbi/桌面/financialData/lineMemo_data/5434_崇越_2018-06-27_上午1:21:49.txt,上午1:21:49,c21221203
6238.0,勝麗,2018_06_27,/home/cosbi/桌面/financialData/lineMemo_data/6238_勝麗_2018-06-27_上午1:22:07.txt,上午1:22:07,c21221203
3548.0,兆利,2018_06_27,/home/cosbi/桌面/financialData/lineMemo_data/3548_兆利_2018-06-27_上午1:22:44.txt,上午1:22:44,c21221203
2456.0,奇力新,2018_06_27,/home/cosbi/桌面/financialData/lineMemo_data/2456_奇力新_2018-06-27_上午1:23:04.txt,上午1:23:04,c21221203
2301.0,光寶科,2018_06_27,/home/cosbi/桌面/financialData/lineMemo_data/2301_光寶科_2018-06-27_上午1:23:47.txt,上午1:23:47,c21221203
6449.0,鈺邦,2018_06_27,/home/cosbi/桌面/financialData/lineMemo_data/6449_鈺邦_2018-06-27_上午1:23:59.txt,上午1:23:59,c21221203
2464.0,盟立,2018_06_28,/home/cosbi/桌面/financialData/lineMemo_data/2464_盟立_2018-06-28_3:00:15 PM.txt,3:00:15 PM,popowing
3443.0,創意,2018_06_28,/home/cosbi/桌面/financialData/lineMemo_data/3443_創意_2018-06-28_3:00:33 PM.txt,3:00:33 PM,popowing
4137.0,麗豐-KY,2018_07_11,/home/cosbi/桌面/financialData/lineMemo_data/4137_麗豐-KY_2018-07-11_上午12:36:17.txt,上午12:36:17,c21221203
1591.0,駿吉-KY,2018_07_11,/home/cosbi/桌面/financialData/lineMemo_data/1591_駿吉-KY_2018-07-11_上午12:36:33.txt,上午12:36:33,c21221203
1727.0,中華化,2018_07_11,/home/cosbi/桌面/financialData/lineMemo_data/1727_中華化_2018-07-11_上午12:36:54.txt,上午12:36:54,c21221203
5903.0,全家,2018_07_11,/home/cosbi/桌面/financialData/lineMemo_data/5903_全家_2018-07-11_上午12:37:05.txt,上午12:37:05,c21221203
5903.0,全家,2018_07_11,/home/cosbi/桌面/financialData/lineMemo_data/5903_全家_2018-07-11_上午12:37:22.txt,上午12:37:22,c21221203
1455.0,集盛,2018_07_11,/home/cosbi/桌面/financialData/lineMemo_data/1455_集盛_2018-07-11_上午12:38:19.txt,上午12:38:19,c21221203
1591.0,駿吉-KY,2018_07_11,/home/cosbi/桌面/financialData/lineMemo_data/1591_駿吉-KY_2018-07-11_上午12:38:29.txt,上午12:38:29,c21221203
1455.0,集盛,2018_07_11,/home/cosbi/桌面/financialData/lineMemo_data/1455_集盛_2018-07-11_上午12:38:42.txt,上午12:38:42,c21221203
8463.0,潤泰材,2018_07_11,/home/cosbi/桌面/financialData/lineMemo_data/8463_潤泰材_2018-07-11_上午12:38:58.txt,上午12:38:58,c21221203
6175.0,立敦,2018_07_11,/home/cosbi/桌面/financialData/lineMemo_data/6175_立敦_2018-07-11_上午12:39:10.txt,上午12:39:10,c21221203
8163.0,達方,2018_07_11,/home/cosbi/桌面/financialData/lineMemo_data/8163_達方_2018-07-11_上午12:39:30.txt,上午12:39:30,c21221203
1592.0,英瑞-KY,2018_07_11,/home/cosbi/桌面/financialData/lineMemo_data/1592_英瑞-KY_2018-07-11_上午12:39:42.txt,上午12:39:42,c21221203
8349.0,恒耀,2018_07_11,/home/cosbi/桌面/financialData/lineMemo_data/8349_恒耀_2018-07-11_上午12:39:54.txt,上午12:39:54,c21221203
6123.0,上奇,2018_07_11,/home/cosbi/桌面/financialData/lineMemo_data/6123_上奇_2018-07-11_上午12:40:06.txt,上午12:40:06,c21221203
6609.0,瀧澤科,2018_07_11,/home/cosbi/桌面/financialData/lineMemo_data/6609_瀧澤科_2018-07-11_上午12:42:25.txt,上午12:42:25,c21221203
6609.0,瀧澤科,2018_07_11,/home/cosbi/桌面/financialData/lineMemo_data/6609_瀧澤科_2018-07-11_上午12:42:38.txt,上午12:42:38,c21221203
2426.0,鼎元,2018_07_11,/home/cosbi/桌面/financialData/lineMemo_data/2426_鼎元_2018-07-11_上午12:42:57.txt,上午12:42:57,c21221203
4912.0,聯德控股-KY,2018_07_11,/home/cosbi/桌面/financialData/lineMemo_data/4912_聯德控股-KY_2018-07-11_上午12:43:13.txt,上午12:43:13,c21221203
5349.0,先豐,2018_07_11,/home/cosbi/桌面/financialData/lineMemo_data/5349_先豐_2018-07-11_上午12:44:20.txt,上午12:44:20,c21221203
4736.0,泰博,2018_07_11,/home/cosbi/桌面/financialData/lineMemo_data/4736_泰博_2018-07-11_上午12:45:17.txt,上午12:45:17,c21221203
2347.0,聯強,2018_07_11,/home/cosbi/桌面/financialData/lineMemo_data/2347_聯強_2018-07-11_上午12:45:33.txt,上午12:45:33,c21221203
2347.0,聯強,2018_07_11,/home/cosbi/桌面/financialData/lineMemo_data/2347_聯強_2018-07-11_上午12:45:49.txt,上午12:45:49,c21221203
7402.0,邑錡,2018_07_11,/home/cosbi/桌面/financialData/lineMemo_data/7402_邑錡_2018-07-11_上午12:46:01.txt,上午12:46:01,c21221203
7402.0,邑錡,2018_07_11,/home/cosbi/桌面/financialData/lineMemo_data/7402_邑錡_2018-07-11_上午12:47:09.txt,上午12:47:09,c21221203
3455.0,由田,2018_07_11,/home/cosbi/桌面/financialData/lineMemo_data/3455_由田_2018-07-11_上午12:47:20.txt,上午12:47:20,c21221203
3501.0,維熹,2018_07_11,/home/cosbi/桌面/financialData/lineMemo_data/3501_維熹_2018-07-11_上午12:47:34.txt,上午12:47:34,c21221203
4123.0,晟德,2018_07_11,/home/cosbi/桌面/financialData/lineMemo_data/4123_晟德_2018-07-11_上午12:47:54.txt,上午12:47:54,c21221203
6207.0,雷科,2018_07_11,/home/cosbi/桌面/financialData/lineMemo_data/6207_雷科_2018-07-11_上午12:48:07.txt,上午12:48:07,c21221203
6207.0,雷科,2018_07_11,/home/cosbi/桌面/financialData/lineMemo_data/6207_雷科_2018-07-11_上午12:48:19.txt,上午12:48:19,c21221203
1723.0,中碳,2018_07_11,/home/cosbi/桌面/financialData/lineMemo_data/1723_中碳_2018-07-11_上午12:49:20.txt,上午12:49:20,c21221203
4526.0,東台,2018_07_16,/home/cosbi/桌面/financialData/lineMemo_data/4526_東台_2018-07-16_5:19:36 PM.txt,5:19:36 PM,popowing
4526.0,東台,2018_07_28,/home/cosbi/桌面/financialData/lineMemo_data/4526_東台_2018-07-28_下午7:28:38.txt,下午7:28:38,c21221203
1787.0,福盈科,2018_07_28,/home/cosbi/桌面/financialData/lineMemo_data/1787_福盈科_2018-07-28_下午7:29:11.txt,下午7:29:11,c21221203
2367.0,燿華,2018_07_28,/home/cosbi/桌面/financialData/lineMemo_data/2367_燿華_2018-07-28_下午7:29:26.txt,下午7:29:26,c21221203
2409.0,友達,2018_07_28,/home/cosbi/桌面/financialData/lineMemo_data/2409_友達_2018-07-28_下午7:29:47.txt,下午7:29:47,c21221203
2337.0,旺宏,2018_07_28,/home/cosbi/桌面/financialData/lineMemo_data/2337_旺宏_2018-07-28_下午7:30:03.txt,下午7:30:03,c21221203
2636.0,台驊投控,2018_07_28,/home/cosbi/桌面/financialData/lineMemo_data/2636_台驊投控_2018-07-28_下午7:30:15.txt,下午7:30:15,c21221203
2337.0,旺宏,2018_07_28,/home/cosbi/桌面/financialData/lineMemo_data/2337_旺宏_2018-07-28_下午7:30:29.txt,下午7:30:29,c21221203
1730.0,花仙子,2018_07_28,/home/cosbi/桌面/financialData/lineMemo_data/1730_花仙子_2018-07-28_下午7:31:21.txt,下午7:31:21,c21221203
8112.0,至上,2018_07_28,/home/cosbi/桌面/financialData/lineMemo_data/8112_至上_2018-07-28_下午7:31:41.txt,下午7:31:41,c21221203
2501.0,國建,2018_07_28,/home/cosbi/桌面/financialData/lineMemo_data/2501_國建_2018-07-28_下午7:32:17.txt,下午7:32:17,c21221203
4105.0,東洋,2018_07_28,/home/cosbi/桌面/financialData/lineMemo_data/4105_東洋_2018-07-28_下午7:32:41.txt,下午7:32:41,c21221203
4763.0,材料-KY,2018_07_28,/home/cosbi/桌面/financialData/lineMemo_data/4763_材料-KY_2018-07-28_下午7:33:02.txt,下午7:33:02,c21221203
4763.0,材料-KY,2018_07_28,/home/cosbi/桌面/financialData/lineMemo_data/4763_材料-KY_2018-07-28_下午7:33:13.txt,下午7:33:13,c21221203
5203.0,訊連,2018_07_28,/home/cosbi/桌面/financialData/lineMemo_data/5203_訊連_2018-07-28_下午7:33:36.txt,下午7:33:36,c21221203
4105.0,東洋,2018_07_28,/home/cosbi/桌面/financialData/lineMemo_data/4105_東洋_2018-07-28_下午7:34:37.txt,下午7:34:37,c21221203
4105.0,東洋,2018_07_28,/home/cosbi/桌面/financialData/lineMemo_data/4105_東洋_2018-07-28_下午7:34:53.txt,下午7:34:53,c21221203
5203.0,訊連,2018_07_28,/home/cosbi/桌面/financialData/lineMemo_data/5203_訊連_2018-07-28_下午7:35:20.txt,下午7:35:20,c21221203
3661.0,世芯-KY,2018_07_28,/home/cosbi/桌面/financialData/lineMemo_data/3661_世芯-KY_2018-07-28_下午7:35:39.txt,下午7:35:39,c21221203
6574.0,霈方,2018_07_28,/home/cosbi/桌面/financialData/lineMemo_data/6574_霈方_2018-07-28_下午7:35:52.txt,下午7:35:52,c21221203
,,2018_07_28,/home/cosbi/桌面/financialData/lineMemo_data/__2018-07-28_下午7:37:44.txt,下午7:37:44,c21221203
6239.0,力成,2018_07_28,/home/cosbi/桌面/financialData/lineMemo_data/6239_力成_2018-07-28_下午7:38:00.txt,下午7:38:00,c21221203
1314.0,中石化,2018_07_28,/home/cosbi/桌面/financialData/lineMemo_data/1314_中石化_2018-07-28_下午7:38:11.txt,下午7:38:11,c21221203
1314.0,中石化,2018_07_28,/home/cosbi/桌面/financialData/lineMemo_data/1314_中石化_2018-07-28_下午7:38:24.txt,下午7:38:24,c21221203
4927.0,泰鼎-KY,2018_07_28,/home/cosbi/桌面/financialData/lineMemo_data/4927_泰鼎-KY_2018-07-28_下午7:38:25.txt,下午7:38:25,c21221203
4927.0,泰鼎-KY,2018_07_28,/home/cosbi/桌面/financialData/lineMemo_data/4927_泰鼎-KY_2018-07-28_下午7:38:54.txt,下午7:38:54,c21221203
4927.0,泰鼎-KY,2018_07_28,/home/cosbi/桌面/financialData/lineMemo_data/4927_泰鼎-KY_2018-07-28_下午7:40:03.txt,下午7:40:03,c21221203
1702.0,南僑,2018_07_28,/home/cosbi/桌面/financialData/lineMemo_data/1702_南僑_2018-07-28_下午7:40:12.txt,下午7:40:12,c21221203
1702.0,南僑,2018_07_28,/home/cosbi/桌面/financialData/lineMemo_data/1702_南僑_2018-07-28_下午7:40:24.txt,下午7:40:24,c21221203
2231.0,為升,2018_07_28,/home/cosbi/桌面/financialData/lineMemo_data/2231_為升_2018-07-28_下午7:40:55.txt,下午7:40:55,c21221203
2231.0,為升,2018_07_28,/home/cosbi/桌面/financialData/lineMemo_data/2231_為升_2018-07-28_下午7:41:35.txt,下午7:41:35,c21221203
1527.0,鑽全,2018_07_28,/home/cosbi/桌面/financialData/lineMemo_data/1527_鑽全_2018-07-28_下午7:41:52.txt,下午7:41:52,c21221203
,,2018_07_28,/home/cosbi/桌面/financialData/lineMemo_data/__2018-07-28_下午7:42:10.txt,下午7:42:10,c21221203
3105.0,穩懋,2018_07_28,/home/cosbi/桌面/financialData/lineMemo_data/3105_穩懋_2018-07-28_下午7:42:28.txt,下午7:42:28,c21221203
3105.0,穩懋,2018_07_28,/home/cosbi/桌面/financialData/lineMemo_data/3105_穩懋_2018-07-28_下午7:42:43.txt,下午7:42:43,c21221203
6288.0,聯嘉光電,2018_07_28,/home/cosbi/桌面/financialData/lineMemo_data/6288_聯嘉光電_2018-07-28_下午7:43:09.txt,下午7:43:09,c21221203
2382.0,廣達,2018_07_28,/home/cosbi/桌面/financialData/lineMemo_data/2382_廣達_2018-07-28_下午7:43:21.txt,下午7:43:21,c21221203
4528.0,江興鍛,2018_07_28,/home/cosbi/桌面/financialData/lineMemo_data/4528_江興鍛_2018-07-28_下午7:43:33.txt,下午7:43:33,c21221203
2010.0,春源,2018_07_28,/home/cosbi/桌面/financialData/lineMemo_data/2010_春源_2018-07-28_下午7:43:53.txt,下午7:43:53,c21221203
5536.0,聖暉,2018_07_28,/home/cosbi/桌面/financialData/lineMemo_data/5536_聖暉_2018-07-28_下午7:44:08.txt,下午7:44:08,c21221203
8942.0,森鉅,2018_07_28,/home/cosbi/桌面/financialData/lineMemo_data/8942_森鉅_2018-07-28_下午7:44:22.txt,下午7:44:22,c21221203
1210.0,大成,2018_07_28,/home/cosbi/桌面/financialData/lineMemo_data/1210_大成_2018-07-28_下午7:45:06.txt,下午7:45:06,c21221203
8044.0,網家,2018_07_28,/home/cosbi/桌面/financialData/lineMemo_data/8044_網家_2018-07-28_下午7:45:17.txt,下午7:45:17,c21221203
6230.0,超眾,2018_07_28,/home/cosbi/桌面/financialData/lineMemo_data/6230_超眾_2018-07-28_下午7:46:41.txt,下午7:46:41,c21221203
4549.0,桓達,2018_07_28,/home/cosbi/桌面/financialData/lineMemo_data/4549_桓達_2018-07-28_下午7:47:38.txt,下午7:47:38,c21221203
2408.0,南亞科,2018_07_28,/home/cosbi/桌面/financialData/lineMemo_data/2408_南亞科_2018-07-28_下午7:47:54.txt,下午7:47:54,c21221203
3089.0,遠昇,2018_07_28,/home/cosbi/桌面/financialData/lineMemo_data/3089_遠昇_2018-07-28_下午7:48:40.txt,下午7:48:40,c21221203
2327.0,國巨,2018_07_28,/home/cosbi/桌面/financialData/lineMemo_data/2327_國巨_2018-07-28_下午7:50:31.txt,下午7:50:31,c21221203
2939.0,凱羿-KY,2018_07_28,/home/cosbi/桌面/financialData/lineMemo_data/2939_凱羿-KY_2018-07-28_下午7:50:51.txt,下午7:50:51,c21221203
2368.0,金像電,2018_07_28,/home/cosbi/桌面/financialData/lineMemo_data/2368_金像電_2018-07-28_下午7:51:08.txt,下午7:51:08,c21221203
3041.0,揚智,2018_07_28,/home/cosbi/桌面/financialData/lineMemo_data/3041_揚智_2018-07-28_下午7:52:36.txt,下午7:52:36,c21221203
4540.0,全球傳動,2018_07_28,/home/cosbi/桌面/financialData/lineMemo_data/4540_全球傳動_2018-07-28_下午7:52:52.txt,下午7:52:52,c21221203
3008.0,大立光,2018_07_28,/home/cosbi/桌面/financialData/lineMemo_data/3008_大立光_2018-07-28_下午7:54:03.txt,下午7:54:03,c21221203
6230.0,超眾,2018_07_28,/home/cosbi/桌面/financialData/lineMemo_data/6230_超眾_2018-07-28_下午7:54:20.txt,下午7:54:20,c21221203
8341.0,日友,2018_07_28,/home/cosbi/桌面/financialData/lineMemo_data/8341_日友_2018-07-28_下午7:54:37.txt,下午7:54:37,c21221203
2729.0,瓦城,2018_07_28,/home/cosbi/桌面/financialData/lineMemo_data/2729_瓦城_2018-07-28_下午7:54:52.txt,下午7:54:52,c21221203
4438.0,廣越,2018_07_28,/home/cosbi/桌面/financialData/lineMemo_data/4438_廣越_2018-07-28_下午7:55:05.txt,下午7:55:05,c21221203
6141.0,柏承,2018_07_28,/home/cosbi/桌面/financialData/lineMemo_data/6141_柏承_2018-07-28_下午7:56:07.txt,下午7:56:07,c21221203
2313.0,華通,2018_10_08,/home/cosbi/桌面/financialData/lineMemo_data/2313_華通_2018-10-08_下午1:27:10.txt,下午1:27:10,popowing
2439.0,美律,2018_10_08,/home/cosbi/桌面/financialData/lineMemo_data/2439_美律_2018-10-08_下午1:28:04.txt,下午1:28:04,popowing
9958.0,世紀鋼,2018_10_08,/home/cosbi/桌面/financialData/lineMemo_data/9958_世紀鋼_2018-10-08_下午1:28:17.txt,下午1:28:17,popowing
4536.0,拓凱,2018_10_08,/home/cosbi/桌面/financialData/lineMemo_data/4536_拓凱_2018-10-08_下午1:28:49.txt,下午1:28:49,popowing
2208.0,台船,2018_10_08,/home/cosbi/桌面/financialData/lineMemo_data/2208_台船_2018-10-08_下午1:29:03.txt,下午1:29:03,popowing
2748.0,雲品,2018_10_08,/home/cosbi/桌面/financialData/lineMemo_data/2748_雲品_2018-10-08_下午1:29:18.txt,下午1:29:18,popowing
2405.0,浩鑫,2018_10_08,/home/cosbi/桌面/financialData/lineMemo_data/2405_浩鑫_2018-10-08_下午1:29:30.txt,下午1:29:30,popowing
4915.0,致伸,2018_10_08,/home/cosbi/桌面/financialData/lineMemo_data/4915_致伸_2018-10-08_下午1:29:45.txt,下午1:29:45,popowing
3008.0,大立光,2018_10_08,/home/cosbi/桌面/financialData/lineMemo_data/3008_大立光_2018-10-08_下午1:30:28.txt,下午1:30:28,popowing
6654.0,天正國際,2018_10_08,/home/cosbi/桌面/financialData/lineMemo_data/6654_天正國際_2018-10-08_下午1:30:39.txt,下午1:30:39,popowing
3661.0,世芯-KY,2018_10_08,/home/cosbi/桌面/financialData/lineMemo_data/3661_世芯-KY_2018-10-08_下午1:31:08.txt,下午1:31:08,popowing
1712.0,興農,2018_10_08,/home/cosbi/桌面/financialData/lineMemo_data/1712_興農_2018-10-08_下午1:31:57.txt,下午1:31:57,popowing
4513.0,福裕,2018_10_08,/home/cosbi/桌面/financialData/lineMemo_data/4513_福裕_2018-10-08_下午1:32:38.txt,下午1:32:38,popowing
2439.0,美律,2018_10_08,/home/cosbi/桌面/financialData/lineMemo_data/2439_美律_2018-10-08_下午1:34:07.txt,下午1:34:07,popowing
3360.0,尚立,2018_10_08,/home/cosbi/桌面/financialData/lineMemo_data/3360_尚立_2018-10-08_下午1:34:37.txt,下午1:34:37,popowing
1909.0,榮成,2018_10_08,/home/cosbi/桌面/financialData/lineMemo_data/1909_榮成_2018-10-08_下午1:36:09.txt,下午1:36:09,popowing
2345.0,智邦,2018_10_08,/home/cosbi/桌面/financialData/lineMemo_data/2345_智邦_2018-10-08_下午1:58:15.txt,下午1:58:15,popowing
4438.0,廣越,2018_10_08,/home/cosbi/桌面/financialData/lineMemo_data/4438_廣越_2018-10-08_下午1:59:07.txt,下午1:59:07,popowing
6257.0,矽格,2018_10_08,/home/cosbi/桌面/financialData/lineMemo_data/6257_矽格_2018-10-08_下午1:59:59.txt,下午1:59:59,popowing
6207.0,雷科,2018_10_08,/home/cosbi/桌面/financialData/lineMemo_data/6207_雷科_2018-10-08_下午2:00:15.txt,下午2:00:15,popowing
4528.0,江興鍛,2018_10_08,/home/cosbi/桌面/financialData/lineMemo_data/4528_江興鍛_2018-10-08_下午2:01:28.txt,下午2:01:28,popowing
2421.0,建準,2018_10_08,/home/cosbi/桌面/financialData/lineMemo_data/2421_建準_2018-10-08_下午2:01:42.txt,下午2:01:42,popowing
2204.0,中華,2018_10_08,/home/cosbi/桌面/financialData/lineMemo_data/2204_中華_2018-10-08_下午2:02:02.txt,下午2:02:02,popowing
2201.0,裕隆,2018_10_08,/home/cosbi/桌面/financialData/lineMemo_data/2201_裕隆_2018-10-08_下午2:02:16.txt,下午2:02:16,popowing
3563.0,牧德,2018_10_08,/home/cosbi/桌面/financialData/lineMemo_data/3563_牧德_2018-10-08_下午2:03:22.txt,下午2:03:22,popowing
3037.0,欣興,2018_10_08,/home/cosbi/桌面/financialData/lineMemo_data/3037_欣興_2018-10-08_下午7:20:48.txt,下午7:20:48,c21221203
3008.0,大立光,2018_10_13,/home/cosbi/桌面/financialData/lineMemo_data/3008_大立光_2018-10-13_下午12:39:11.txt,下午12:39:11,c21221203
2367.0,燿華,2018_10_13,/home/cosbi/桌面/financialData/lineMemo_data/2367_燿華_2018-10-13_下午12:50:58.txt,下午12:50:58,c21221203
9938.0,百和,2018_10_16,/home/cosbi/桌面/financialData/lineMemo_data/9938_百和_2018-10-16_上午10:14:46.txt,上午10:14:46,popowing
9938.0,百和,2018_10_16,/home/cosbi/桌面/financialData/lineMemo_data/9938_百和_2018-10-16_上午10:15:24.txt,上午10:15:24,popowing
8404.0,百和興業-KY,2018_10_16,/home/cosbi/桌面/financialData/lineMemo_data/8404_百和興業-KY_2018-10-16_上午10:15:54.txt,上午10:15:54,popowing
3583.0,辛耘,2018_10_16,/home/cosbi/桌面/financialData/lineMemo_data/3583_辛耘_2018-10-16_上午10:16:15.txt,上午10:16:15,popowing
2492.0,華新科,2018_10_16,/home/cosbi/桌面/financialData/lineMemo_data/2492_華新科_2018-10-16_下午5:28:59.txt,下午5:28:59,popowing
8462.0,柏文,2018_10_16,/home/cosbi/桌面/financialData/lineMemo_data/8462_柏文_2018-10-16_下午5:30:36.txt,下午5:30:36,popowing
1702.0,南僑,2018_10_25,/home/cosbi/桌面/financialData/lineMemo_data/1702_南僑_2018-10-25_18:31:13 GMT+0800 (CST).txt,18:31:13 GMT+0800 (CST),popowing
2739.0,寒舍,2018_10_25,/home/cosbi/桌面/financialData/lineMemo_data/2739_寒舍_2018-10-25_18:31:46 GMT+0800 (CST).txt,18:31:46 GMT+0800 (CST),popowing
3501.0,維熹,2018_10_25,/home/cosbi/桌面/financialData/lineMemo_data/3501_維熹_2018-10-25_18:32:09 GMT+0800 (CST).txt,18:32:09 GMT+0800 (CST),popowing
2368.0,金像電,2018_10_25,/home/cosbi/桌面/financialData/lineMemo_data/2368_金像電_2018-10-25_18:34:24 GMT+0800 (CST).txt,18:34:24 GMT+0800 (CST),popowing
1220.0,台榮,2018_10_25,/home/cosbi/桌面/financialData/lineMemo_data/1220_台榮_2018-10-25_18:35:02 GMT+0800 (CST).txt,18:35:02 GMT+0800 (CST),popowing
1587.0,吉茂,2018_10_25,/home/cosbi/桌面/financialData/lineMemo_data/1587_吉茂_2018-10-25_18:35:13 GMT+0800 (CST).txt,18:35:13 GMT+0800 (CST),popowing
2385.0,群光,2018_10_25,/home/cosbi/桌面/financialData/lineMemo_data/2385_群光_2018-10-25_18:35:23 GMT+0800 (CST).txt,18:35:23 GMT+0800 (CST),popowing
6655.0,科定,2018_10_25,/home/cosbi/桌面/financialData/lineMemo_data/6655_科定_2018-10-25_18:35:36 GMT+0800 (CST).txt,18:35:36 GMT+0800 (CST),popowing
1436.0,華友聯,2018_10_25,/home/cosbi/桌面/financialData/lineMemo_data/1436_華友聯_2018-10-25_18:35:49 GMT+0800 (CST).txt,18:35:49 GMT+0800 (CST),popowing
5907.0,大洋-KY,2018_10_25,/home/cosbi/桌面/financialData/lineMemo_data/5907_大洋-KY_2018-10-25_18:36:03 GMT+0800 (CST).txt,18:36:03 GMT+0800 (CST),popowing
9937.0,全國,2018_10_25,/home/cosbi/桌面/financialData/lineMemo_data/9937_全國_2018-10-25_18:36:18 GMT+0800 (CST).txt,18:36:18 GMT+0800 (CST),popowing
5607.0,遠雄港,2018_10_25,/home/cosbi/桌面/financialData/lineMemo_data/5607_遠雄港_2018-10-25_18:36:28 GMT+0800 (CST).txt,18:36:28 GMT+0800 (CST),popowing
4117.0,普生,2018_10_25,/home/cosbi/桌面/financialData/lineMemo_data/4117_普生_2018-10-25_18:36:39 GMT+0800 (CST).txt,18:36:39 GMT+0800 (CST),popowing
8462.0,柏文,2018_10_25,/home/cosbi/桌面/financialData/lineMemo_data/8462_柏文_2018-10-25_18:36:49 GMT+0800 (CST).txt,18:36:49 GMT+0800 (CST),popowing
2636.0,台驊投控,2018_10_25,/home/cosbi/桌面/financialData/lineMemo_data/2636_台驊投控_2018-10-25_18:37:43 GMT+0800 (CST).txt,18:37:43 GMT+0800 (CST),popowing
4130.0,健亞,2018_10_25,/home/cosbi/桌面/financialData/lineMemo_data/4130_健亞_2018-10-25_18:37:51 GMT+0800 (CST).txt,18:37:51 GMT+0800 (CST),popowing
5299.0,杰力,2018_10_25,/home/cosbi/桌面/financialData/lineMemo_data/5299_杰力_2018-10-25_18:37:59 GMT+0800 (CST).txt,18:37:59 GMT+0800 (CST),popowing
1591.0,駿吉-KY,2018_10_25,/home/cosbi/桌面/financialData/lineMemo_data/1591_駿吉-KY_2018-10-25_18:38:09 GMT+0800 (CST).txt,18:38:09 GMT+0800 (CST),popowing
2377.0,微星,2018_10_25,/home/cosbi/桌面/financialData/lineMemo_data/2377_微星_2018-10-25_18:38:38 GMT+0800 (CST).txt,18:38:38 GMT+0800 (CST),popowing
2885.0,元大金,2018_10_25,/home/cosbi/桌面/financialData/lineMemo_data/2885_元大金_2018-10-25_18:39:13 GMT+0800 (CST).txt,18:39:13 GMT+0800 (CST),popowing
3530.0,晶相光,2018_11_09,/home/cosbi/桌面/financialData/lineMemo_data/3530_晶相光_2018-11-09_下午2:55:06.txt,下午2:55:06,popowing
2412.0,中華電,2018_11_09,/home/cosbi/桌面/financialData/lineMemo_data/2412_中華電_2018-11-09_下午2:55:52.txt,下午2:55:52,popowing
8420.0,明揚,2018_11_09,/home/cosbi/桌面/financialData/lineMemo_data/8420_明揚_2018-11-09_下午2:57:01.txt,下午2:57:01,popowing
2351.0,順德,2018_11_15,/home/cosbi/桌面/financialData/lineMemo_data/2351_順德_2018-11-15_下午4:00:28.txt,下午4:00:28,popowing
2103.0,台橡,2018_11_15,/home/cosbi/桌面/financialData/lineMemo_data/2103_台橡_2018-11-15_下午4:01:10.txt,下午4:01:10,popowing
8478.0,東哥遊艇,2018_11_15,/home/cosbi/桌面/financialData/lineMemo_data/8478_東哥遊艇_2018-11-15_下午4:01:45.txt,下午4:01:45,popowing
2115.0,六暉-KY,2018_11_15,/home/cosbi/桌面/financialData/lineMemo_data/2115_六暉-KY_2018-11-15_下午4:01:58.txt,下午4:01:58,popowing
6581.0,鋼聯,2018_11_15,/home/cosbi/桌面/financialData/lineMemo_data/6581_鋼聯_2018-11-15_下午4:02:25.txt,下午4:02:25,popowing
1476.0,儒鴻,2018_11_15,/home/cosbi/桌面/financialData/lineMemo_data/1476_儒鴻_2018-11-15_下午4:02:38.txt,下午4:02:38,popowing
9914.0,美利達,2018_11_15,/home/cosbi/桌面/financialData/lineMemo_data/9914_美利達_2018-11-15_下午4:03:06.txt,下午4:03:06,popowing
3679.0,新至陞,2018_11_15,/home/cosbi/桌面/financialData/lineMemo_data/3679_新至陞_2018-11-15_下午4:03:20.txt,下午4:03:20,popowing
4938.0,和碩,2018_11_15,/home/cosbi/桌面/financialData/lineMemo_data/4938_和碩_2018-11-15_下午4:03:29.txt,下午4:03:29,popowing
2643.0,捷迅,2018_11_15,/home/cosbi/桌面/financialData/lineMemo_data/2643_捷迅_2018-11-15_下午4:03:46.txt,下午4:03:46,popowing
3552.0,同致,2018_11_15,/home/cosbi/桌面/financialData/lineMemo_data/3552_同致_2018-11-15_下午4:03:57.txt,下午4:03:57,popowing
3455.0,由田,2018_11_15,/home/cosbi/桌面/financialData/lineMemo_data/3455_由田_2018-11-15_下午4:04:13.txt,下午4:04:13,popowing
2352.0,佳世達,2018_11_15,/home/cosbi/桌面/financialData/lineMemo_data/2352_佳世達_2018-11-15_下午4:04:26.txt,下午4:04:26,popowing
2102.0,泰豐,2018_11_15,/home/cosbi/桌面/financialData/lineMemo_data/2102_泰豐_2018-11-15_下午4:04:47.txt,下午4:04:47,popowing
5609.0,中菲行,2018_11_15,/home/cosbi/桌面/financialData/lineMemo_data/5609_中菲行_2018-11-15_下午4:05:21.txt,下午4:05:21,popowing
2636.0,台驊投控,2018_11_15,/home/cosbi/桌面/financialData/lineMemo_data/2636_台驊投控_2018-11-15_下午4:05:57.txt,下午4:05:57,popowing
1326.0,台化,2018_11_15,/home/cosbi/桌面/financialData/lineMemo_data/1326_台化_2018-11-15_下午4:06:18.txt,下午4:06:18,popowing
2062.0,橋椿,2018_11_15,/home/cosbi/桌面/financialData/lineMemo_data/2062_橋椿_2018-11-15_下午4:06:31.txt,下午4:06:31,popowing
8454.0,富邦媒,2018_11_15,/home/cosbi/桌面/financialData/lineMemo_data/8454_富邦媒_2018-11-15_下午4:06:42.txt,下午4:06:42,popowing
3338.0,泰碩,2018_11_15,/home/cosbi/桌面/financialData/lineMemo_data/3338_泰碩_2018-11-15_下午4:07:17.txt,下午4:07:17,popowing
6670.0,復盛應用,2018_11_15,/home/cosbi/桌面/financialData/lineMemo_data/6670_復盛應用_2018-11-15_下午4:07:29.txt,下午4:07:29,popowing
5203.0,訊連,2018_11_15,/home/cosbi/桌面/financialData/lineMemo_data/5203_訊連_2018-11-15_下午4:08:17.txt,下午4:08:17,popowing
3272.0,東碩,2018_11_15,/home/cosbi/桌面/financialData/lineMemo_data/3272_東碩_2018-11-15_下午4:08:44.txt,下午4:08:44,popowing
2456.0,奇力新,2018_11_15,/home/cosbi/桌面/financialData/lineMemo_data/2456_奇力新_2018-11-15_下午4:10:47.txt,下午4:10:47,popowing
2474.0,可成,2018_11_15,/home/cosbi/桌面/financialData/lineMemo_data/2474_可成_2018-11-15_下午4:15:03.txt,下午4:15:03,popowing
6274.0,台燿,2018_11_15,/home/cosbi/桌面/financialData/lineMemo_data/6274_台燿_2018-11-15_下午4:16:27.txt,下午4:16:27,popowing
1323.0,永裕,2018_11_15,/home/cosbi/桌面/financialData/lineMemo_data/1323_永裕_2018-11-15_下午4:16:49.txt,下午4:16:49,popowing
6274.0,台燿,2018_11_15,/home/cosbi/桌面/financialData/lineMemo_data/6274_台燿_2018-11-15_下午4:18:26.txt,下午4:18:26,popowing
4803.0,VHQ-KY,2018_11_15,/home/cosbi/桌面/financialData/lineMemo_data/4803_VHQ-KY_2018-11-15_下午4:19:04.txt,下午4:19:04,popowing
1451.0,年興,2018_11_15,/home/cosbi/桌面/financialData/lineMemo_data/1451_年興_2018-11-15_下午4:19:30.txt,下午4:19:30,popowing
4958.0,臻鼎-KY,2018_11_15,/home/cosbi/桌面/financialData/lineMemo_data/4958_臻鼎-KY_2018-11-15_下午4:19:51.txt,下午4:19:51,popowing
2347.0,聯強,2018_11_15,/home/cosbi/桌面/financialData/lineMemo_data/2347_聯強_2018-11-15_下午4:20:05.txt,下午4:20:05,popowing
6121.0,新普,2018_11_15,/home/cosbi/桌面/financialData/lineMemo_data/6121_新普_2018-11-15_下午4:20:19.txt,下午4:20:19,popowing
6121.0,新普,2018_11_15,/home/cosbi/桌面/financialData/lineMemo_data/6121_新普_2018-11-15_下午4:21:16.txt,下午4:21:16,popowing
2891.0,中信金,2018_11_15,/home/cosbi/桌面/financialData/lineMemo_data/2891_中信金_2018-11-15_下午4:21:46.txt,下午4:21:46,popowing
3596.0,智易,2018_11_15,/home/cosbi/桌面/financialData/lineMemo_data/3596_智易_2018-11-15_下午4:21:58.txt,下午4:21:58,popowing
1476.0,儒鴻,2018_11_15,/home/cosbi/桌面/financialData/lineMemo_data/1476_儒鴻_2018-11-15_下午4:22:14.txt,下午4:22:14,popowing
2451.0,創見,2018_11_15,/home/cosbi/桌面/financialData/lineMemo_data/2451_創見_2018-11-15_下午4:22:25.txt,下午4:22:25,popowing
3036.0,文曄,2018_11_15,/home/cosbi/桌面/financialData/lineMemo_data/3036_文曄_2018-11-15_下午4:22:35.txt,下午4:22:35,popowing
3227.0,原相,2018_11_15,/home/cosbi/桌面/financialData/lineMemo_data/3227_原相_2018-11-15_下午4:23:03.txt,下午4:23:03,popowing
6285.0,啟碁,2018_11_15,/home/cosbi/桌面/financialData/lineMemo_data/6285_啟碁_2018-11-15_下午4:23:17.txt,下午4:23:17,popowing
8924.0,大田,2018_11_15,/home/cosbi/桌面/financialData/lineMemo_data/8924_大田_2018-11-15_下午4:23:39.txt,下午4:23:39,popowing
3234.0,光環,2018_11_27,/home/cosbi/桌面/financialData/lineMemo_data/3234_光環_2018-11-27_上午10:04:56.txt,上午10:04:56,c21221203
6504.0,南六,2018_11_27,/home/cosbi/桌面/financialData/lineMemo_data/6504_南六_2018-11-27_上午10:19:08.txt,上午10:19:08,c21221203
6504.0,南六,2018_11_27,/home/cosbi/桌面/financialData/lineMemo_data/6504_南六_2018-11-27_上午10:19:30.txt,上午10:19:30,c21221203
8046.0,南電,2018_11_27,/home/cosbi/桌面/financialData/lineMemo_data/8046_南電_2018-11-27_上午10:20:41.txt,上午10:20:41,c21221203
6409.0,旭隼,2018_11_27,/home/cosbi/桌面/financialData/lineMemo_data/6409_旭隼_2018-11-27_上午10:20:59.txt,上午10:20:59,c21221203
6409.0,旭隼,2018_11_27,/home/cosbi/桌面/financialData/lineMemo_data/6409_旭隼_2018-11-27_上午10:21:48.txt,上午10:21:48,c21221203
8016.0,矽創,2018_11_27,/home/cosbi/桌面/financialData/lineMemo_data/8016_矽創_2018-11-27_上午10:22:13.txt,上午10:22:13,c21221203
2383.0,台光電,2018_11_27,/home/cosbi/桌面/financialData/lineMemo_data/2383_台光電_2018-11-27_上午10:22:27.txt,上午10:22:27,c21221203
2511.0,太子,2018_11_27,/home/cosbi/桌面/financialData/lineMemo_data/2511_太子_2018-11-27_上午10:22:45.txt,上午10:22:45,c21221203
2511.0,太子,2018_11_27,/home/cosbi/桌面/financialData/lineMemo_data/2511_太子_2018-11-27_上午10:22:56.txt,上午10:22:56,c21221203
1710.0,東聯,2018_11_27,/home/cosbi/桌面/financialData/lineMemo_data/1710_東聯_2018-11-27_上午10:23:08.txt,上午10:23:08,c21221203
1736.0,喬山,2018_11_27,/home/cosbi/桌面/financialData/lineMemo_data/1736_喬山_2018-11-27_上午10:23:23.txt,上午10:23:23,c21221203
1736.0,喬山,2018_11_27,/home/cosbi/桌面/financialData/lineMemo_data/1736_喬山_2018-11-27_上午10:23:41.txt,上午10:23:41,c21221203
9939.0,宏全,2018_11_27,/home/cosbi/桌面/financialData/lineMemo_data/9939_宏全_2018-11-27_上午10:23:54.txt,上午10:23:54,c21221203
9914.0,美利達,2018_11_27,/home/cosbi/桌面/financialData/lineMemo_data/9914_美利達_2018-11-27_上午10:24:06.txt,上午10:24:06,c21221203
5530.0,龍巖,2018_11_27,/home/cosbi/桌面/financialData/lineMemo_data/5530_龍巖_2018-11-27_上午10:24:25.txt,上午10:24:25,c21221203
9802.0,鈺齊-KY,2018_11_27,/home/cosbi/桌面/financialData/lineMemo_data/9802_鈺齊-KY_2018-11-27_上午10:25:02.txt,上午10:25:02,c21221203
6235.0,華孚,2018_11_27,/home/cosbi/桌面/financialData/lineMemo_data/6235_華孚_2018-11-27_上午10:25:36.txt,上午10:25:36,c21221203
6235.0,華孚,2018_11_27,/home/cosbi/桌面/financialData/lineMemo_data/6235_華孚_2018-11-27_上午10:25:53.txt,上午10:25:53,c21221203
2460.0,建通,2018_11_27,/home/cosbi/桌面/financialData/lineMemo_data/2460_建通_2018-11-27_上午10:26:11.txt,上午10:26:11,c21221203
2460.0,建通,2018_11_27,/home/cosbi/桌面/financialData/lineMemo_data/2460_建通_2018-11-27_上午10:26:29.txt,上午10:26:29,c21221203
6205.0,詮欣,2018_11_27,/home/cosbi/桌面/financialData/lineMemo_data/6205_詮欣_2018-11-27_上午10:26:42.txt,上午10:26:42,c21221203
1532.0,勤美,2018_11_27,/home/cosbi/桌面/financialData/lineMemo_data/1532_勤美_2018-11-27_上午10:27:01.txt,上午10:27:01,c21221203
2436.0,偉詮電,2018_11_27,/home/cosbi/桌面/financialData/lineMemo_data/2436_偉詮電_2018-11-27_下午3:25:52.txt,下午3:25:52,c21221203
6462.0,神盾,2018_11_27,/home/cosbi/桌面/financialData/lineMemo_data/6462_神盾_2018-11-27_下午3:44:52.txt,下午3:44:52,c21221203
3380.0,明泰,2018_11_27,/home/cosbi/桌面/financialData/lineMemo_data/3380_明泰_2018-11-27_下午3:46:46.txt,下午3:46:46,c21221203
3380.0,明泰,2018_11_27,/home/cosbi/桌面/financialData/lineMemo_data/3380_明泰_2018-11-27_下午3:48:30.txt,下午3:48:30,c21221203
2103.0,台橡,2018_11_27,/home/cosbi/桌面/financialData/lineMemo_data/2103_台橡_2018-11-27_下午3:49:52.txt,下午3:49:52,c21221203
2313.0,華通,2018_11_27,/home/cosbi/桌面/financialData/lineMemo_data/2313_華通_2018-11-27_下午4:03:37.txt,下午4:03:37,c21221203
3661.0,世芯-KY,2018_11_27,/home/cosbi/桌面/financialData/lineMemo_data/3661_世芯-KY_2018-11-27_下午4:11:52.txt,下午4:11:52,c21221203
4528.0,江興鍛,2018_11_27,/home/cosbi/桌面/financialData/lineMemo_data/4528_江興鍛_2018-11-27_下午4:12:28.txt,下午4:12:28,c21221203
2233.0,宇隆,2018_11_27,/home/cosbi/桌面/financialData/lineMemo_data/2233_宇隆_2018-11-27_下午4:12:55.txt,下午4:12:55,c21221203
8431.0,匯鑽科,2018_11_27,/home/cosbi/桌面/financialData/lineMemo_data/8431_匯鑽科_2018-11-27_下午4:14:35.txt,下午4:14:35,c21221203
5009.0,榮剛,2018_11_28,/home/cosbi/桌面/financialData/lineMemo_data/5009_榮剛_2018-11-28_下午10:11:26.txt,下午10:11:26,c21221203
5009.0,榮剛,2018_11_28,/home/cosbi/桌面/financialData/lineMemo_data/5009_榮剛_2018-11-28_下午10:11:44.txt,下午10:11:44,c21221203
2609.0,陽明,2018_11_28,/home/cosbi/桌面/financialData/lineMemo_data/2609_陽明_2018-11-28_下午10:11:58.txt,下午10:11:58,c21221203
1229.0,聯華,2018_11_28,/home/cosbi/桌面/financialData/lineMemo_data/1229_聯華_2018-11-28_下午10:12:46.txt,下午10:12:46,c21221203
2464.0,盟立,2018_11_28,/home/cosbi/桌面/financialData/lineMemo_data/2464_盟立_2018-11-28_下午10:13:02.txt,下午10:13:02,c21221203
6279.0,胡連,2018_11_28,/home/cosbi/桌面/financialData/lineMemo_data/6279_胡連_2018-11-28_下午10:14:03.txt,下午10:14:03,c21221203
4105.0,東洋,2018_11_28,/home/cosbi/桌面/financialData/lineMemo_data/4105_東洋_2018-11-28_下午10:18:05.txt,下午10:18:05,c21221203
6462.0,神盾,2018_11_28,/home/cosbi/桌面/financialData/lineMemo_data/6462_神盾_2018-11-28_下午10:18:27.txt,下午10:18:27,c21221203
4148.0,全宇生技-KY,2018_12_22,/home/cosbi/桌面/financialData/lineMemo_data/4148_全宇生技-KY_2018-12-22_上午10:18:18.txt,上午10:18:18,c21221203
2377.0,微星,2018_12_22,/home/cosbi/桌面/financialData/lineMemo_data/2377_微星_2018-12-22_上午10:18:49.txt,上午10:18:49,c21221203
2377.0,微星,2018_12_22,/home/cosbi/桌面/financialData/lineMemo_data/2377_微星_2018-12-22_上午10:19:03.txt,上午10:19:03,c21221203
6213.0,聯茂,2018_12_22,/home/cosbi/桌面/financialData/lineMemo_data/6213_聯茂_2018-12-22_上午10:22:19.txt,上午10:22:19,c21221203
6213.0,聯茂,2018_12_22,/home/cosbi/桌面/financialData/lineMemo_data/6213_聯茂_2018-12-22_上午10:23:53.txt,上午10:23:53,c21221203
3605.0,宏致,2018_12_22,/home/cosbi/桌面/financialData/lineMemo_data/3605_宏致_2018-12-22_上午10:24:41.txt,上午10:24:41,c21221203
4137.0,麗豐-KY,2018_12_22,/home/cosbi/桌面/financialData/lineMemo_data/4137_麗豐-KY_2018-12-22_上午10:24:59.txt,上午10:24:59,c21221203
,,2018_12_22,/home/cosbi/桌面/financialData/lineMemo_data/__2018-12-22_上午10:25:36.txt,上午10:25:36,c21221203
6146.0,耕興,2018_12_22,/home/cosbi/桌面/financialData/lineMemo_data/6146_耕興_2018-12-22_上午10:26:29.txt,上午10:26:29,c21221203
6146.0,耕興,2018_12_22,/home/cosbi/桌面/financialData/lineMemo_data/6146_耕興_2018-12-22_上午10:26:42.txt,上午10:26:42,c21221203
2228.0,劍麟,2018_12_22,/home/cosbi/桌面/financialData/lineMemo_data/2228_劍麟_2018-12-22_上午10:27:00.txt,上午10:27:00,c21221203
3346.0,麗清,2018_12_22,/home/cosbi/桌面/financialData/lineMemo_data/3346_麗清_2018-12-22_上午10:27:19.txt,上午10:27:19,c21221203
9935.0,慶豐富,2018_12_22,/home/cosbi/桌面/financialData/lineMemo_data/9935_慶豐富_2018-12-22_上午10:27:33.txt,上午10:27:33,c21221203
3527.0,聚積,2018_12_22,/home/cosbi/桌面/financialData/lineMemo_data/3527_聚積_2018-12-22_上午10:28:29.txt,上午10:28:29,c21221203
3527.0,聚積,2018_12_22,/home/cosbi/桌面/financialData/lineMemo_data/3527_聚積_2018-12-22_上午10:30:13.txt,上午10:30:13,c21221203
1102.0,亞泥,2018_12_22,/home/cosbi/桌面/financialData/lineMemo_data/1102_亞泥_2018-12-22_上午10:30:57.txt,上午10:30:57,c21221203
8480.0,泰昇-KY,2018_12_22,/home/cosbi/桌面/financialData/lineMemo_data/8480_泰昇-KY_2018-12-22_上午10:31:18.txt,上午10:31:18,c21221203
8480.0,泰昇-KY,2018_12_22,/home/cosbi/桌面/financialData/lineMemo_data/8480_泰昇-KY_2018-12-22_上午10:35:36.txt,上午10:35:36,c21221203
6168.0,宏齊,2018_12_22,/home/cosbi/桌面/financialData/lineMemo_data/6168_宏齊_2018-12-22_上午10:40:41.txt,上午10:40:41,c21221203
3234.0,光環,2018_12_22,/home/cosbi/桌面/financialData/lineMemo_data/3234_光環_2018-12-22_上午10:41:13.txt,上午10:41:13,c21221203
6668.0,中揚光,2018_12_22,/home/cosbi/桌面/financialData/lineMemo_data/6668_中揚光_2018-12-22_上午10:42:05.txt,上午10:42:05,c21221203
6668.0,中揚光,2018_12_22,/home/cosbi/桌面/financialData/lineMemo_data/6668_中揚光_2018-12-22_上午10:42:25.txt,上午10:42:25,c21221203
6568.0,宏觀,2018_12_22,/home/cosbi/桌面/financialData/lineMemo_data/6568_宏觀_2018-12-22_上午10:42:48.txt,上午10:42:48,c21221203
6568.0,宏觀,2018_12_22,/home/cosbi/桌面/financialData/lineMemo_data/6568_宏觀_2018-12-22_上午10:43:27.txt,上午10:43:27,c21221203
1532.0,勤美,2018_12_22,/home/cosbi/桌面/financialData/lineMemo_data/1532_勤美_2018-12-22_上午10:44:02.txt,上午10:44:02,c21221203
4947.0,昂寶-KY,2018_12_25,/home/cosbi/桌面/financialData/lineMemo_data/4947_昂寶-KY_2018-12-25_下午3:48:17.txt,下午3:48:17,c21221203
4947.0,昂寶-KY,2018_12_25,/home/cosbi/桌面/financialData/lineMemo_data/4947_昂寶-KY_2018-12-25_下午3:48:36.txt,下午3:48:36,c21221203
3653.0,健策,2018_12_25,/home/cosbi/桌面/financialData/lineMemo_data/3653_健策_2018-12-25_下午3:49:06.txt,下午3:49:06,c21221203
1589.0,永冠-KY,2019_01_27,/home/cosbi/桌面/financialData/lineMemo_data/1589_永冠-KY_2019-01-27_下午5:34:17.txt,下午5:34:17,c21221203
5530.0,龍巖,2019_01_29,/home/cosbi/桌面/financialData/lineMemo_data/5530_龍巖_2019-01-29_上午10:40:02.txt,上午10:40:02,c21221203
3708.0,上緯,2019_01_30,/home/cosbi/桌面/financialData/lineMemo_data/3708_上緯_2019-01-30_下午1:45:00.txt,下午1:45:00,c21221203
2454.0,聯發科,2019_02_01,/home/cosbi/桌面/financialData/lineMemo_data/2454_聯發科_2019-02-01_下午12:46:39.txt,下午12:46:39,c21221203
8028.0,昇陽國際半導體,2019_02_20,/home/cosbi/桌面/financialData/lineMemo_data/8028_昇陽國際半導體_2019-02-20_下午3:06:03.txt,下午3:06:03,c21221203
